,image,cluster
0,351.png,5
1,170.png,1
2,540.png,6
3,504.png,3
4,176.png,0
5,411.png,2
6,354.png,5
7,119.png,5
8,81.png,2
9,487.png,2
10,9.png,5
11,621.png,1
12,185.png,1
13,51.png,6
14,644.png,2
15,602.png,6
16,184.png,1
17,469.png,0
18,613.png,2
19,300.png,3
20,30.png,6
21,188.png,1
22,503.png,5
23,49.png,2
24,489.png,2
25,400.png,7
26,270.png,0
27,36.png,3
28,319.png,1
29,593.png,2
30,69.png,6
31,640.png,2
32,432.png,6
33,156.png,1
34,398.png,1
35,262.png,2
36,605.png,6
37,420.png,6
38,495.png,5
39,402.png,5
40,617.png,6
41,467.png,1
42,315.png,6
43,259.png,2
44,318.png,1
45,279.png,7
46,28.png,2
47,302.png,5
48,557.png,1
49,303.png,2
50,219.png,5
51,623.png,2
52,142.png,5
53,321.png,1
54,346.png,2
55,596.png,6
56,159.png,5
57,224.png,1
58,372.png,7
59,187.png,1
60,340.png,5
61,59.png,2
62,204.png,6
63,484.png,2
64,585.png,5
65,359.png,2
66,215.png,7
67,569.png,5
68,127.png,2
69,71.png,7
70,93.png,6
71,121.png,2
72,175.png,7
73,66.png,6
74,527.png,1
75,610.png,5
76,122.png,2
77,441.png,2
78,435.png,2
79,247.png,1
80,626.png,5
81,526.png,7
82,368.png,1
83,195.png,5
84,488.png,5
85,528.png,6
86,85.png,5
87,299.png,7
88,206.png,2
89,158.png,6
90,367.png,1
91,43.png,3
92,129.png,5
93,395.png,2
94,306.png,1
95,499.png,0
96,89.png,1
97,524.png,2
98,11.png,6
99,237.png,2
100,124.png,1
101,258.png,0
102,111.png,2
103,278.png,5
104,575.png,5
105,381.png,6
106,630.png,6
107,100.png,5
108,501.png,2
109,447.png,2
110,477.png,6
111,646.png,0
112,522.png,6
113,625.png,0
114,578.png,2
115,249.png,5
116,19.png,1
117,209.png,6
118,404.png,3
119,611.png,2
120,537.png,6
121,216.png,5
122,98.png,2
123,238.png,2
124,399.png,5
125,394.png,2
126,362.png,0
127,266.png,0
128,584.png,1
129,419.png,3
130,520.png,6
131,607.png,1
132,217.png,6
133,388.png,7
134,494.png,5
135,53.png,2
136,604.png,6
137,334.png,6
138,301.png,0
139,582.png,6
140,423.png,5
141,79.png,2
142,146.png,5
143,110.png,1
144,4.png,6
145,511.png,7
146,475.png,1
147,530.png,3
148,493.png,6
149,534.png,1
150,379.png,2
151,52.png,0
152,255.png,5
153,152.png,6
154,307.png,5
155,370.png,7
156,353.png,6
157,565.png,0
158,205.png,1
159,496.png,7
160,83.png,6
161,234.png,6
162,242.png,7
163,390.png,6
164,109.png,1
165,438.png,7
166,80.png,1
167,252.png,5
168,442.png,7
169,177.png,2
170,581.png,5
171,601.png,2
172,286.png,2
173,412.png,1
174,457.png,7
175,341.png,7
176,482.png,7
177,481.png,1
178,548.png,5
179,106.png,2
180,428.png,2
181,345.png,3
182,619.png,6
183,577.png,7
184,638.png,6
185,305.png,1
186,509.png,5
187,431.png,5
188,198.png,5
189,6.png,6
190,5.png,1
191,408.png,6
192,225.png,2
193,597.png,7
194,90.png,6
195,70.png,5
196,348.png,6
197,227.png,2
198,386.png,1
199,174.png,0
200,72.png,5
201,595.png,1
202,220.png,5
203,324.png,5
204,201.png,0
205,576.png,5
206,236.png,7
207,573.png,1
208,516.png,5
209,101.png,5
210,410.png,5
211,165.png,5
212,387.png,2
213,551.png,6
214,78.png,1
215,62.png,0
216,453.png,5
217,190.png,1
218,462.png,5
219,366.png,2
220,521.png,0
221,558.png,6
222,226.png,1
223,336.png,6
224,58.png,1
225,413.png,2
226,397.png,1
227,108.png,6
228,202.png,6
229,7.png,6
230,515.png,2
231,298.png,6
232,291.png,0
233,263.png,5
234,554.png,2
235,378.png,0
236,474.png,6
237,180.png,6
238,636.png,6
239,41.png,6
240,120.png,5
241,628.png,7
242,257.png,1
243,541.png,2
244,268.png,3
245,512.png,5
246,437.png,2
247,455.png,6
248,251.png,2
249,322.png,5
250,256.png,1
251,376.png,6
252,513.png,5
253,550.png,0
254,14.png,5
255,624.png,7
256,193.png,0
257,284.png,1
258,294.png,5
259,574.png,2
260,288.png,0
261,214.png,1
262,310.png,2
263,614.png,5
264,293.png,6
265,510.png,2
266,620.png,7
267,422.png,5
268,76.png,5
269,16.png,7
270,94.png,0
271,472.png,0
272,311.png,6
273,15.png,3
274,138.png,1
275,135.png,2
276,344.png,7
277,13.png,0
278,544.png,2
279,643.png,6
280,603.png,4
281,186.png,0
282,113.png,5
283,132.png,2
284,163.png,1
285,498.png,2
286,145.png,6
287,586.png,2
288,23.png,6
289,273.png,6
290,384.png,6
291,211.png,0
292,143.png,2
293,380.png,5
294,126.png,5
295,609.png,7
296,292.png,5
297,192.png,3
298,396.png,5
299,508.png,2
300,61.png,7
301,114.png,1
302,458.png,0
303,369.png,7
304,497.png,0
305,160.png,0
306,117.png,2
307,543.png,2
308,579.png,6
309,18.png,1
310,164.png,1
311,363.png,0
312,491.png,6
313,436.png,2
314,608.png,7
315,571.png,2
316,313.png,2
317,364.png,2
318,189.png,0
319,460.png,6
320,549.png,7
321,331.png,2
322,492.png,1
323,265.png,2
324,181.png,5
325,82.png,2
326,591.png,5
327,555.png,5
328,183.png,0
329,123.png,0
330,77.png,1
331,282.png,1
332,290.png,0
333,532.png,7
334,161.png,7
335,116.png,1
336,84.png,6
337,134.png,5
338,75.png,1
339,139.png,5
340,562.png,1
341,568.png,2
342,505.png,2
343,572.png,6
344,191.png,0
345,60.png,5
346,383.png,1
347,55.png,7
348,166.png,5
349,151.png,5
350,529.png,6
351,564.png,0
352,479.png,2
353,545.png,2
354,434.png,1
355,26.png,6
356,480.png,2
357,169.png,5
358,426.png,6
359,207.png,2
360,74.png,5
361,125.png,5
362,39.png,1
363,316.png,6
364,102.png,5
365,430.png,2
366,425.png,6
367,91.png,5
368,343.png,1
369,46.png,2
370,468.png,7
371,31.png,1
372,470.png,5
373,171.png,6
374,295.png,6
375,54.png,1
376,210.png,6
377,466.png,1
378,269.png,6
379,440.png,5
380,182.png,5
381,414.png,1
382,10.png,2
383,405.png,1
384,642.png,2
385,218.png,6
386,403.png,2
387,203.png,0
388,212.png,1
389,47.png,0
390,276.png,1
391,507.png,1
392,239.png,0
393,317.png,7
394,104.png,6
395,377.png,1
396,350.png,7
397,418.png,1
398,355.png,0
399,157.png,6
400,103.png,1
401,339.png,2
402,222.png,6
403,490.png,2
404,168.png,2
405,523.png,2
406,162.png,2
407,332.png,6
408,393.png,5
409,35.png,6
410,612.png,0
411,173.png,3
412,105.png,1
413,45.png,7
414,333.png,1
415,415.png,0
416,327.png,6
417,287.png,2
418,590.png,5
419,452.png,0
420,433.png,5
421,178.png,5
422,2.png,1
423,244.png,2
424,365.png,6
425,107.png,1
426,553.png,6
427,24.png,2
428,328.png,5
429,382.png,1
430,594.png,6
431,401.png,6
432,567.png,5
433,357.png,2
434,88.png,3
435,632.png,2
436,580.png,6
437,243.png,1
438,407.png,7
439,285.png,1
440,267.png,1
441,459.png,1
442,264.png,5
443,634.png,2
444,502.png,1
445,588.png,7
446,326.png,5
447,223.png,1
448,552.png,1
449,451.png,6
450,228.png,5
451,560.png,2
452,514.png,0
453,304.png,2
454,208.png,6
455,444.png,1
456,87.png,2
457,199.png,2
458,373.png,1
459,439.png,2
460,29.png,2
461,645.png,2
462,506.png,0
463,56.png,5
464,65.png,6
465,429.png,5
466,361.png,2
467,261.png,5
468,352.png,1
469,356.png,1
470,63.png,1
471,149.png,6
472,559.png,7
473,230.png,6
474,337.png,6
475,409.png,1
476,476.png,6
477,50.png,2
478,385.png,6
479,97.png,5
480,172.png,1
481,525.png,6
482,347.png,5
483,37.png,6
484,150.png,1
485,464.png,1
486,519.png,6
487,446.png,6
488,96.png,1
489,456.png,6
490,533.png,6
491,32.png,2
492,308.png,2
493,128.png,0
494,280.png,7
495,115.png,5
496,622.png,6
497,271.png,6
498,235.png,7
499,600.png,1
500,320.png,5
501,424.png,1
502,92.png,1
503,349.png,6
504,131.png,1
505,535.png,3
506,536.png,0
507,374.png,5
508,583.png,1
509,360.png,1
510,221.png,6
511,167.png,6
512,136.png,2
513,592.png,5
514,618.png,0
515,241.png,3
516,246.png,7
517,531.png,6
518,427.png,6
519,443.png,5
520,275.png,2
521,148.png,5
522,229.png,6
523,615.png,5
524,194.png,6
525,538.png,2
526,296.png,5
527,461.png,1
528,450.png,7
529,589.png,7
530,391.png,2
531,274.png,1
532,154.png,2
533,67.png,0
534,463.png,7
535,250.png,7
536,485.png,0
537,42.png,6
538,133.png,0
539,68.png,2
540,309.png,1
541,570.png,6
542,375.png,6
543,130.png,7
544,233.png,7
545,213.png,1
546,289.png,1
547,454.png,5
548,253.png,1
549,86.png,5
550,500.png,6
551,631.png,5
552,48.png,0
553,34.png,6
554,358.png,1
555,147.png,1
556,629.png,5
557,38.png,0
558,33.png,1
559,245.png,5
560,389.png,0
561,616.png,6
562,556.png,7
563,44.png,4
564,598.png,1
565,260.png,5
566,144.png,7
567,64.png,5
568,606.png,2
569,153.png,5
570,471.png,6
571,112.png,5
572,342.png,2
573,277.png,5
574,633.png,1
575,563.png,5
576,141.png,7
577,542.png,1
578,546.png,6
579,518.png,6
580,27.png,7
581,635.png,6
582,561.png,7
583,547.png,6
584,140.png,1
585,639.png,1
586,12.png,7
587,473.png,2
588,99.png,1
589,449.png,6
590,371.png,1
591,539.png,7
592,95.png,6
593,25.png,1
594,312.png,6
595,323.png,1
596,406.png,7
597,118.png,6
598,465.png,1
599,566.png,1
600,330.png,5
601,254.png,1
602,73.png,3
603,200.png,7
604,587.png,6
605,297.png,2
606,57.png,6
607,196.png,5
608,155.png,2
609,392.png,2
610,338.png,5
611,416.png,1
612,179.png,3
613,325.png,0
614,599.png,7
615,417.png,6
616,421.png,0
